first_name,last_name,web
James,Butt,http://www.bentonjohnbjr.com
Josephine,Darakjy,http://www.chanayjeffreyaesq.com
Art,Venere,http://www.chemeljameslcpa.com
Lenna,Paprocki,http://www.feltzprintingservice.com
Donette,Foller,http://www.printingdimensions.com
Simona,Morasca,http://www.chapmanrosseesq.com
Mitsue,Tollner,http://www.morlongassociates.com
Leota,Dilliard,http://www.commercialpress.com
Sage,Wieser,http://www.truhlarandtruhlarattys.com
Kris,Marrier,http://www.kingchristopheraesq.com
Minna,Amigon,http://www.dorljamesjesq.com
Abel,Maclead,http://www.rangoniofflorence.com
Kiley,Caldarera,http://www.feinerbros.com
Graciela,Ruta,http://www.buckleymillerwright.com
Cammy,Albares,http://www.rousseauxmichaelesq.com
Mattie,Poquette,http://www.centurycommunications.com
Meaghan,Garufi,http://www.boltonwilburesq.com
Gladys,Rim,http://www.tmbyxbeecompanypc.com
Yuki,Whobrey,http://www.farmersinsurancegroup.com
Fletcher,Flosi,http://www.postboxservicesplus.com
Bette,Nicka,http://www.sportenart.com
Veronika,Inouye,http://www.cnetworkinc.com
Willard,Kolmetz,http://www.ingallsdonaldresq.com
Maryann,Royster,http://www.franklinpeterlesq.com
Alisha,Slusarski,http://www.wtlzpowerfm.com
Allene,Iturbide,http://www.ledeckydavidesq.com
Chanel,Caudy,http://www.professionalimageinc.com
Ezekiel,Chui,http://www.siderdonaldcesq.com
Willow,Kusko,http://www.upullit.com
Bernardo,Figeroa,http://www.clarkrichardcpa.com
Ammie,Corrio,http://www.moskowitzbarrys.com
Francine,Vocelka,http://www.cascaderealtyadvisorsinc.com
Ernie,Stenseth,http://www.knwznewsradio.com
Albina,Glick,http://www.giampetroanthonyd.com
Alishia,Sergi,http://www.milfordenterprisesinc.com
Solange,Shinko,http://www.mosoccoronalda.com
Jose,Stockham,http://www.tristaterefuelerco.com
Rozella,Ostrosky,http://www.parkwaycompany.com
Valentine,Gillian,http://www.fbsbusinessfinance.com
Kati,Rulapaugh,http://www.ederassocsconsltngengrspc.com
Youlanda,Schemmer,http://www.trimtoolinc.com
Dyan,Oldroyd,http://www.internationaleyeletsinc.com
Roxane,Campain,http://www.rapidtradingintl.com
Lavera,Perin,http://www.abcenterprisesinc.com
Erick,Ferencz,http://www.cindyturnerassociates.com
Fatima,Saylors,http://www.stantonjamesdesq.com
Jina,Briddick,http://www.gracepastriesinc.com
Kanisha,Waycott,http://www.schroergeneeesq.com
Emerson,Bowley,http://www.knightsinn.com
Blair,Malet,http://www.bollingermachshpshipyard.com
Brock,Bolognia,http://www.orindanews.com
Lorrie,Nestle,http://www.ballardspahrandrews.com
Sabra,Uyetake,http://www.lowylimousineservice.com
Marjory,Mastella,http://www.viconcorporation.com
Karl,Klonowski,http://www.rossimichaelm.com
Tonette,Wenner,http://www.northwestpublishing.com
Amber,Monarrez,http://www.branfordwiremfgco.com
Shenika,Seewald,http://www.eastcoastmarketing.com
Delmy,Ahle,http://www.wyetechnologiesinc.com
Deeanna,Juhas,http://www.healygeorgewiv.com
Blondell,Pugh,http://www.alpenliteinc.com
Jamal,Vanausdal,http://www.hubbardbruceesq.com
Cecily,Hollack,http://www.arthuraoliversoninc.com
Carmelina,Lindall,http://www.georgejessopcarterjewelers.com
Maurine,Yglesias,http://www.schultzthomascmd.com
Tawna,Buvens,http://www.hhhenterprisesinc.com
Penney,Weight,http://www.hawaiiankinghotel.com
Elly,Morocco,http://www.killionindustries.com
Ilene,Eroman,http://www.robinsonwilliamjesq.com
Vallie,Mondella,http://www.privateproperties.com
Kallie,Blackwood,http://www.rowleyschlimgeninc.com
Johnetta,Abdallah,http://www.forgingspecialties.com
Bobbye,Rhym,http://www.smitspatriciagarity.com
Micaela,Rhymes,http://www.hleeleonardattorneyatlaw.com
Tamar,Hoogland,http://www.akconstructionco.com
Moon,Parlato,http://www.ambelangjessicammd.com
Laurel,Reitler,http://www.qaservice.com
Delisa,Crupi,http://www.woodwhitacrecontractors.com
Viva,Toelkes,http://www.markivpressltd.com
Elza,Lipke,http://www.museumofscienceindustry.com
Devorah,Chickering,http://www.garrisonind.com
Timothy,Mulqueen,http://www.saronixnymphproducts.com
Arlette,Honeywell,http://www.smcinc.com
Dominque,Dickerson,http://www.eaielectronicassocsinc.com
Lettie,Isenhower,http://www.contechristopheraesq.com
Myra,Munns,http://www.ankerlawoffice.com
Stephaine,Barfield,http://www.beutelschiescompany.com
Lai,Gato,http://www.fliggkennethijr.com
Stephen,Emigh,http://www.sharpjdanielesq.com
Tyra,Shields,http://www.assinkannehesq.com
Tammara,Wardrip,http://www.jewelmyshopinc.com
Cory,Gibes,http://www.chinesetranslationresources.com
Danica,Bruschke,http://www.stevenscharlest.com
Wilda,Giguere,http://www.mclaughlinlutherwcpa.com
Elvera,Benimadho,http://www.treemusketeers.com
Carma,Vanheusen,http://www.springfielddivohedisonco.com
Malinda,Hochard,http://www.loganmemorialhospital.com
Natalie,Fern,http://www.kellycharlesgesq.com
Lisha,Centini,http://www.industrialpapershreddersinc.com
Arlene,Klusman,http://www.beckhorizonbuilders.com
Alease,Buemi,http://www.portocayoathawkscay.com
Louisa,Cronauer,http://www.pacificgrovemuseumntrlhist.com
Angella,Cetta,http://www.benderhatleypc.com
Cyndy,Goldammer,http://www.dicristinajson.com
Rosio,Cork,http://www.greengoddess.com
Celeste,Korando,http://www.americanartsgraphics.com
Twana,Felger,http://www.oprylandhotel.com
Estrella,Samu,http://www.markingdevicespubgco.com
Donte,Kines,http://www.wtcindustriesinc.com
Tiffiny,Steffensmeier,http://www.whitehallrobbinslabsdivsn.com
Edna,Miceli,http://www.sampler.com
Sue,Kownacki,http://www.junochefsincorporated.com
Jesusa,Shin,http://www.carroccioathomasesq.com
Rolland,Francescon,http://www.stanleyrichardlesq.com
Pamella,Schmierer,http://www.kcscstmmouldingswindows.com
Glory,Kulzer,http://www.comfortinn.com
Shawna,Palaspas,http://www.windsorjameslesq.com
Brandon,Callaro,http://www.jacksonshieldsyeiser.com
Scarlet,Cartan,http://www.boxjcalvinesq.com
Oretha,Menter,http://www.customengineeringinc.com
Ty,Smith,http://www.breslereitelframggllryltd.com
Xuan,Rochin,http://www.caroldrakesparksesq.com
Lindsey,Dilello,http://www.biltmoreinvestorsbank.com
Devora,Perez,http://www.descoequipmentcorp.com
Herman,Demesa,http://www.merlinelectricco.com
Rory,Papasergi,http://www.baileycntlcodivbabcock.com
Talia,Riopelle,http://www.fordbrotherswholesaleinc.com
Van,Shire,http://www.cambridgeinn.com
Lucina,Lary,http://www.matriccianialbertjjr.com
Bok,Isaacs,http://www.nelsonhawaiianltd.com
Rolande,Spickerman,http://www.nelandtravelagency.com
Howard,Paulas,http://www.asendorfjalanesq.com
Kimbery,Madarang,http://www.silbermanarthurlesq.com
Thurman,Manno,http://www.honeybeebreedinggenetics.com
Becky,Mirafuentes,http://www.wellskravitzschnitzer.com
Beatriz,Corrington,http://www.prohabrehabilitationservs.com
Marti,Maybury,http://www.eldridgekristinkesq.com
Nieves,Gotter,http://www.vlahosjohnjesq.com
Leatha,Hagele,http://www.ninasindiangrsvideos.com
Valentin,Klimek,http://www.schmidgayannekesq.com
Melissa,Wiklund,http://www.moapavalleyfederalcreditun.com
Sheridan,Zane,http://www.kentuckytennesseeclayco.com
Bulah,Padilla,http://www.admiralpartyrentalssales.com
Audra,Kohnert,http://www.nelsonkarolynkingesq.com
Daren,Weirather,http://www.panasystems.com
Fernanda,Jillson,http://www.shankedwardlesq.com
Gearldine,Gellinger,http://www.megibowedwards.com
Chau,Kitzman,http://www.benoffedwardesq.com
Theola,Frey,http://www.woodbridgefreepubliclibrary.com
Cheryl,Haroldson,http://www.newyorklifejohnthune.com
Laticia,Merced,http://www.alinabalinc.com
Carissa,Batman,http://www.polettokimdavidesq.com
Lezlie,Craghead,http://www.changcarolynesq.com
Ozell,Shealy,http://www.silverbrosinc.com
Arminda,Parvis,http://www.newtecinc.com
Reita,Leto,http://www.creativebusinesssystems.com
Yolando,Luczki,http://www.daltilecorporation.com
Lizette,Stem,http://www.edwardskatz.com
Gregoria,Pawlowicz,http://www.ohmygoodknitsinc.com
Carin,Deleo,http://www.redekerdebbie.com
Chantell,Maynerich,http://www.desertsandsmotel.com
Dierdre,Yum,http://www.cumminssouthernplainsinc.com
Larae,Gudroe,http://www.lehighfurndivsnlehigh.com
Latrice,Tolfree,http://www.unitedvanlinesagent.com
Kerry,Theodorov,http://www.capitolreporters.com
Dorthy,Hidvegi,http://www.kwikkopyprinting.com
Fannie,Lungren,http://www.centroinc.com
Evangelina,Radde,http://www.campbelljanesq.com
Novella,Degroot,http://www.evansckellyesq.com
Clay,Hoa,http://www.scatenterprises.com
Jennifer,Fallick,http://www.nagledanieljesq.com
Irma,Wolfgramm,http://www.serendiquitybedbreakfast.com
Eun,Coody,http://www.raycarolynerealty.com
Sylvia,Cousey,http://www.bergcharlese.com
Nana,Wrinkles,http://www.raymilbernd.com
Layla,Springe,http://www.chaddsfordwinery.com
Joesph,Degonia,http://www.arpackaging.com
Annabelle,Boord,http://www.cornpopper.com
Stephaine,Vinning,http://www.biritefoodservicedistr.com
Nelida,Sawchuk,http://www.anchoragemuseumofhistart.com
Marguerita,Hiatt,http://www.habergeorgedmd.com
Carmela,Cookey,http://www.royalpontiacoldsinc.com
Junita,Brideau,http://www.leonardsantiquesinc.com
Claribel,Varriano,http://www.meca.com
Benton,Skursky,http://www.nerconengineeringmfginc.com
Hillary,Skulski,http://www.replicai.com
Merilyn,Bayless,http://www.printinginc.com
Teri,Ennaco,http://www.publishersgroupwest.com
Merlyn,Lawler,http://www.nischwitzjeffreylesq.com
Georgene,Montezuma,http://www.paynebladeswellbornpa.com
Jettie,Mconnell,http://www.coldwellbnkrwrightrealest.com
Lemuel,Latzke,http://www.computerrepairservice.com
Melodie,Knipp,http://www.fleetwoodbuildingblockinc.com
Candida,Corbley,http://www.coltsneckmedicalassocsinc.com
Karan,Karpin,http://www.newenglandtaxidermy.com
Andra,Scheyer,http://www.ludckegeorgeoesq.com
Felicidad,Poullion,http://www.mccorkletomsesq.com
Belen,Strassner,http://www.eaglesoftwareinc.com
Gracia,Melnyk,http://www.juvenileadultsuper.com
Jolanda,Hanafan,http://www.perezjosephjesq.com
Barrett,Toyama,http://www.casefoundationco.com
Helga,Fredicks,http://www.eisenvironmentalengrsinc.com
Ashlyn,Pinilla,http://www.artcrafters.com
Fausto,Agramonte,http://www.marriotthotelsresortssuites.com
Ronny,Caiafa,http://www.remacoinc.com
Marge,Limmel,http://www.bjorkrobertdjr.com
Norah,Waymire,http://www.carmichaeljefferylesq.com
Aliza,Baltimore,http://www.andrewsjrobertesq.com
Mozell,Pelkowski,http://www.winshipbyrne.com
Viola,Bitsuie,http://www.burtondavis.com
Franklyn,Emard,http://www.olympicgraphicarts.com
Willodean,Konopacki,http://www.magnuson.com
Beckie,Silvestrini,http://www.aallamericantravelinc.com
Rebecka,Gesick,http://www.polykoteinc.com
Frederica,Blunk,http://www.jetscybernetics.com
Glen,Bartolet,http://www.metlabtestingservices.com
Freeman,Gochal,http://www.kellermannwilliamtesq.com
Vincent,Meinerding,http://www.arturipeterdesq.com
Rima,Bevelacqua,http://www.mcauleymfgco.com
Glendora,Sarbacher,http://www.defurvoranhanleyradcliff.com
Avery,Steier,http://www.dilldillcarrstonbrakerpc.com
Cristy,Lother,http://www.kleensteel.com
Nicolette,Brossart,http://www.gouldspumpsincslurrypump.com
Tracey,Modzelewski,http://www.kansascityinsurancereport.com
Virgina,Tegarden,http://www.berhanuinternationalfoods.com
Tiera,Frankel,http://www.rolandashcroft.com
Alaine,Bergesen,http://www.hispanicmagazine.com
Earleen,Mai,http://www.littlesheetmetalco.com
Leonida,Gobern,http://www.holmesarmsteadjesq.com
Ressie,Auffrey,http://www.fawjamesccpa.com
Justine,Mugnolo,http://www.evansrulecompany.com
Eladia,Saulter,http://www.tyeeproductionsinc.com
Chaya,Malvin,http://www.dunnellsduvall.com
Gwenn,Suffield,http://www.deltamsystemsinc.com
Salena,Karpel,http://www.hammillmfgco.com
Yoko,Fishburne,http://www.samscornerstore.com
Taryn,Moyd,http://www.siskinmarkjesq.com
Katina,Polidori,http://www.capeassociatesrealestate.com
Rickie,Plumer,http://www.merrilllynch.com
Alex,Loader,http://www.sublettscottesq.com
Lashon,Vizarro,http://www.sentrysigns.com
Lauran,Burnard,http://www.professionalsunlimited.com
Ceola,Setter,http://www.southernsteelshelvingco.com
My,Rantanen,http://www.boscopaulj.com
Lorrine,Worlds,http://www.longonicholasjesq.com
Peggie,Sturiale,http://www.henrycountymiddleschool.com
Marvel,Raymo,http://www.edisonsupplyequipmentco.com
Daron,Dinos,http://www.wolfwarrenresq.com
An,Fritz,http://www.linguisticsystemsinc.com
Portia,Stimmel,http://www.peacechristiancenter.com
Rhea,Aredondo,http://www.doublebfoodsinc.com
Benedict,Sama,http://www.alexanderalexanderinc.com
Alyce,Arias,http://www.fairbanksscales.com
Heike,Berganza,http://www.calisportswearcuttingdept.com
Carey,Dopico,http://www.garofanijohnesq.com
Dottie,Hellickson,http://www.thompsonfabricatingco.com
Deandrea,Hughey,http://www.centurykrallrealestate.com
Kimberlie,Duenas,http://www.midcontntlrltypropmgmt.com
Martina,Staback,http://www.acesignsinc.com
Skye,Fillingim,http://www.rodewayinn.com
Jade,Farrar,http://www.bonnetdaughter.com
Charlene,Hamilton,http://www.oshinsgibbons.com
Geoffrey,Acey,http://www.pricebusinessservices.com
Stevie,Westerbeck,http://www.wisedenniswmd.com
Pamella,Fortino,http://www.supermotel.com
Harrison,Haufler,http://www.johnwagnerassociates.com
Johnna,Engelberg,http://www.thriftyoilco.com
Buddy,Cloney,http://www.larkfieldphoto.com
Dalene,Riden,http://www.silvermanplanetarium.com
Jerry,Zurcher,http://www.jflumber.com
Haydee,Denooyer,http://www.cleaningstationinc.com
Joseph,Cryer,http://www.amesstationers.com
Deonna,Kippley,http://www.midasmufflershops.com
Raymon,Calvaresi,http://www.seaboardsecuritiesinc.com
Alecia,Bubash,http://www.petersenjameseesq.com
Ma,Layous,http://www.developmentauthority.com
Detra,Coyier,http://www.schottfiberopticsinc.com
Terrilyn,Rodeigues,http://www.stuartjagins.com
Salome,Lacovara,http://www.mitsumielectronicscorp.com
Garry,Keetch,http://www.italianexpressfranchisecorp.com
Matthew,Neither,http://www.americancouncilonscihlth.com
Theodora,Restrepo,http://www.kleripatriciasesq.com
Noah,Kalafatis,http://www.twiggsabramsblanchard.com
Carmen,Sweigard,http://www.mauiresearchtechnologypk.com
Lavonda,Hengel,http://www.bradleynameplatecorp.com
Junita,Stoltzman,http://www.geonexmartelinc.com
Herminia,Nicolozakes,http://www.seaislanddivoffstrindinc.com
Casie,Good,http://www.papaydebbiejesq.com
Reena,Maisto,http://www.lanepromotions.com
Mirta,Mallett,http://www.stephenkennerlyarchtsincpc.com
Cathrine,Pontoriero,http://www.businesssystemsofwisinc.com
Filiberto,Tawil,http://www.flashelenasalernoesq.com
Raul,Upthegrove,http://www.neeleygregorywesq.com
Sarah,Candlish,http://www.alabamaeducationaltvcomm.com
Lucy,Treston,http://www.franzinc.com
Judy,Aquas,http://www.plantationrestaurant.com
Yvonne,Tjepkema,http://www.radiocommunicationsco.com
Kayleigh,Lace,http://www.dentalawdivsnhlthcare.com
Felix,Hirpara,http://www.americanspeedyprintingctrs.com
Tresa,Sweely,http://www.graysongrantsesq.com
Kristeen,Turinetti,http://www.jeanerettemiddleschool.com
Jenelle,Regusters,http://www.haavistobrianfesq.com
Renea,Monterrubio,http://www.wmmtradiostation.com
Olive,Matuszak,http://www.colonypaintssalesofcplnt.com
Ligia,Reiber,http://www.floralexpressions.com
Christiane,Eschberger,http://www.cascoservicesinc.com
Goldie,Schirpke,http://www.reuterarthurcjr.com
Loreta,Timenez,http://www.kaminskikatherineandritsaki.com
Fabiola,Hauenstein,http://www.sidewinderproductscorp.com
Amie,Perigo,http://www.generalfoamcorporation.com
Raina,Brachle,http://www.ikgbordendivsnharscocorp.com
Erinn,Canlas,http://www.anchorcomputerinc.com
Cherry,Lietz,http://www.sebringco.com
Kattie,Vonasek,http://www.hacfarmlinescooptvassoc.com
Lilli,Scriven,http://www.hunterjohnjesq.com
Whitley,Tomasulo,http://www.freeholdfenceco.com
Barbra,Adkin,http://www.binswanger.com
Hermila,Thyberg,http://www.chiltonmaltingco.com
Jesusita,Flister,http://www.schoenedwardjjr.com
Caitlin,Julia,http://www.heldermanseymourcpa.com
Roosevelt,Hoffis,http://www.denbrookmyron.com
Helaine,Halter,http://www.lippittmike.com
Lorean,Martabano,http://www.hiramhoggpesq.com
France,Buzick,http://www.intravelagency.com
Justine,Ferrario,http://www.newhartfoodsinc.com
Adelina,Nabours,http://www.courtyardbymarriott.com
Derick,Dhamer,http://www.studereugeneaesq.com
Jerry,Dallen,http://www.seashoresupplycowaretown.com
Leota,Ragel,http://www.mayarsilkinc.com
Jutta,Amyot,http://www.nationalmedicalexcesscorp.com
Aja,Gehrett,http://www.sterocompany.com
Kirk,Herritt,http://www.hastinghduaneesq.com
Leonora,Mauson,http://www.instyprints.com
Winfred,Brucato,http://www.glenridgemanormobilehomepk.com
Tarra,Nachor,http://www.circuitsolutioninc.com
Corinne,Loder,http://www.localoffice.com
Dulce,Labreche,http://www.leekilkellypaulsonkabaker.com
Kate,Keneipp,http://www.davismaxonresq.com
Kaitlyn,Ogg,http://www.garrisonpauleesq.com
Sherita,Saras,http://www.blackhistoryresourcecenter.com
Lashawnda,Stuer,http://www.rodriguezjchristopheresq.com
Ernest,Syrop,http://www.grantfamilyhealthcenter.com
Nobuko,Halsey,http://www.goemanwoodproductsinc.com
Lavonna,Wolny,http://www.linhareskennethaesq.com
Lashaunda,Lizama,http://www.earnhardtprinting.com
Mariann,Bilden,http://www.hpgindustrysinc.com
Helene,Rodenberger,http://www.baileytransportationprodinc.com
Roselle,Estell,http://www.mcglynnblisspc.com
Samira,Heintzman,http://www.mutualfishco.com
Margart,Meisel,http://www.yeatesarthurlaia.com
Kristofer,Bennick,http://www.loganronaldjesq.com
Weldon,Acuff,http://www.advantagemartgagecompany.com
Shalon,Shadrick,http://www.germerandgertzllp.com
Denise,Patak,http://www.spencelawoffices.com
Louvenia,Beech,http://www.johnortizntstherapycenter.com
Audry,Yaw,http://www.mikeuchrinhtgaircondinc.com
Kristel,Ehmann,http://www.mccoyjoyreynoldsesq.com
Vincenza,Zepp,http://www.kboram.com
Elouise,Gwalthney,http://www.qualityinnnorthwest.com
Venita,Maillard,http://www.wallacechurchassocinc.com
Kasandra,Semidey,http://www.cantron.com
Xochitl,Discipio,http://www.ravaalenterprisesinc.com
Maile,Linahan,http://www.thompsonsteelcompanyinc.com
Krissy,Rauser,http://www.andersonmarkaesq.com
Pete,Dubaldi,http://www.womackgalich.com
Linn,Paa,http://www.valeriecompany.com
Paris,Wide,http://www.gehringpumpsinc.com
Wynell,Dorshorst,http://www.haehnelcraigwesq.com
Quentin,Birkner,http://www.spoorbehrinscampbellyoung.com
Regenia,Kannady,http://www.kenjeterstoreequipmentinc.com
Sheron,Louissant,http://www.potterbrendajcpa.com
Izetta,Funnell,http://www.bairdkurtzdobson.com
Rodolfo,Butzen,http://www.minorcynthiaaesq.com
Zona,Colla,http://www.soloverobertaesq.com
Serina,Zagen,http://www.markiiimportsinc.com
Paz,Sahagun,http://www.whitesigndivctrlequipco.com
Markus,Lukasik,http://www.mmstorefixturescoinc.com
Jaclyn,Bachman,http://www.judahcasterwheelco.com
Cyril,Daufeldt,http://www.galaxyinternationalinc.com
Gayla,Schnitzler,http://www.sigmacorpofamerica.com
Erick,Nievas,http://www.sowardanneesq.com
Jennie,Drymon,http://www.osbornemichellemesq.com
Mitsue,Scipione,http://www.studentsinfreeentrprsnatl.com
Ciara,Ventura,http://www.johnsonrobertmesq.com
Galen,Cantres,http://www.delcharroapartments.com
Truman,Feichtner,http://www.legalsearchinc.com
Gail,Kitty,http://www.servicesupplycoinc.com
Dalene,Schoeneck,http://www.sameshimadouglasjesq.com
Gertude,Witten,http://www.thompsonjohnrandolphjr.com
Lizbeth,Kohl,http://www.etbalancingcoinc.com
Glenn,Berray,http://www.griswoldjohneesq.com
Lashandra,Klang,http://www.acquagroup.com
Lenna,Newville,http://www.brooksmorrisjjr.com
Laurel,Pagliuca,http://www.printingimagescorp.com
Mireya,Frerking,http://www.robertssupplycoinc.com
Annelle,Tagala,http://www.vicoproductsmfgco.com
Dean,Ketelsen,http://www.jmcustomdesignmillwork.com
Levi,Munis,http://www.farrelljohnsonofficeequip.com
Sylvie,Ryser,http://www.millersmarketdeli.com
Sharee,Maile,http://www.holidayinnnaperville.com
Cordelia,Storment,http://www.burrowsjonhesq.com
Mollie,Mcdoniel,http://www.docksealspecialty.com
Brett,Mccullan,http://www.fivestarlimousinesoftxinc.com
Teddy,Pedrozo,http://www.barkannealjesq.com
Tasia,Andreason,http://www.campbellroberta.com
Hubert,Walthall,http://www.deedeanna.com
Arthur,Farrow,http://www.youngtimothylesq.com
Vilma,Berlanga,http://www.wellsdfredesq.com
Billye,Miro,http://www.grayfrancinehesq.com
Glenna,Slayton,http://www.toledoivcare.com
Mitzie,Hudnall,http://www.cangrotransmissionco.com
Bernardine,Rodefer,http://www.satpolyinc.com
Staci,Schmaltz,http://www.midwestcontractingmfginc.com
Nichelle,Meteer,http://www.printdoctor.com
Janine,Rhoden,http://www.nordicgroupinc.com
Ettie,Hoopengardner,http://www.jacksonmillworkco.com
Eden,Jayson,http://www.harriscorporation.com
Lynelle,Auber,http://www.unitedcerebralpalsyofnepa.com
Merissa,Tomblin,http://www.onedaysurgerycenterinc.com
Golda,Kaniecki,http://www.calaverasprospect.com
Catarina,Gleich,http://www.terkroberteesq.com
Virgie,Kiel,http://www.cullenterrencepesq.com
Jolene,Ostolaza,http://www.centraldiecastingmfgcoinc.com
Keneth,Borgman,http://www.centerlineengineering.com
Rikki,Nayar,http://www.targankievitpa.com
Elke,Sengbusch,http://www.rileyriperhollincolagreco.com
Hoa,Sarao,http://www.kaplanjoelsesq.com
Trinidad,Mcrae,http://www.wateroffice.com
Mari,Lueckenbach,http://www.westbrooksnelsonejr.com
Selma,Husser,http://www.armoncommunications.com
Antione,Onofrio,http://www.jacobsgerberinc.com
Luisa,Jurney,http://www.forestfirelaboratory.com
Clorinda,Heimann,http://www.haugheycharlesjr.com
Dick,Wenzinger,http://www.wheatonplasticproducts.com
Ahmed,Angalich,http://www.reeseplastics.com
Iluminada,Ohms,http://www.nazettemarnergoodwendt.com
Joanna,Leinenbach,http://www.levinsonaxelrodwheaton.com
Caprice,Suell,http://www.egnorwdanesq.com
Stephane,Myricks,http://www.portlandcentralthriftlodge.com
Quentin,Swayze,http://www.ulbrichtrucking.com
Annmarie,Castros,http://www.tipiakinc.com
Shonda,Greenbush,http://www.saintgeorgewelldrilling.com
Cecil,Lapage,http://www.hawkesdouglasd.com
Jeanice,Claucherty,http://www.accurelsystemsintrntlcorp.com
Josphine,Villanueva,http://www.santacruzcommunityinternet.com
Daniel,Perruzza,http://www.gershdanielson.com
Cassi,Wildfong,http://www.cobbjamesoesq.com
Britt,Galam,http://www.wheatleytruckingcompany.com
Adell,Lipkin,http://www.systemsgraphincabdickdlr.com
Jacqueline,Rowling,http://www.johnhancockmutllifeinsco.com
Lonny,Weglarz,http://www.historydivisionofstate.com
Lonna,Diestel,http://www.dimmockthomasjesq.com
Cristal,Samara,http://www.intermedinc.com
Kenneth,Grenet,http://www.bankofnewyork.com
Elli,Mclaird,http://www.sportmasterintrnatl.com
Alline,Jeanty,http://www.wwjohnholdeninc.com
Sharika,Eanes,http://www.maccanidelp.com
Nu,Mcnease,http://www.amazoniafilmproject.com
Daniela,Comnick,http://www.watersewerdepartment.com
Cecilia,Colaizzo,http://www.switchcraftinc.com
Leslie,Threets,http://www.cwdcmetalfabricators.com
Nan,Koppinger,http://www.shimotanigracet.com
Izetta,Dewar,http://www.lisatonijeanesq.com
Tegan,Arceo,http://www.ceramictilesalesinc.com
Ruthann,Keener,http://www.maidencraftinc.com
Joni,Breland,http://www.carriagehousecllsnrprinc.com
Vi,Rentfro,http://www.videoworkshop.com
Colette,Kardas,http://www.fresnotilecenterinc.com
Malcolm,Tromblay,http://www.versatilesashwoodwork.com
Ryan,Harnos,http://www.warnerelectricbrkcltchco.com
Jess,Chaffins,http://www.newyorkpubliclibrary.com
Sharen,Bourbon,http://www.mccalebjohnaesq.com
Nickolas,Juvera,http://www.unitedoilcoinc.com
Gary,Nunlee,http://www.irvingfootcenter.com
Diane,Devreese,http://www.acmesupplyco.com
Roslyn,Chavous,http://www.mcraejamesl.com
Glory,Schieler,http://www.mcgrathsseafood.com
Rasheeda,Sayaphon,http://www.kummererjmichaelesq.com
Alpha,Palaia,http://www.stofferjamesmjr.com
Refugia,Jacobos,http://www.northcentralflsftycncl.com
Shawnda,Yori,http://www.fioruccifoodsusainc.com
Mona,Delasancha,http://www.signall.com
Gilma,Liukko,http://www.sammyssteakden.com
Janey,Gabisi,http://www.dobschastephenfesq.com
Lili,Paskin,http://www.morgancustomhomes.com
Loren,Asar,http://www.olsenpaynecompany.com
Dorothy,Chesterfield,http://www.cowankelly.com
Gail,Similton,http://www.johnsonwesesq.com
Catalina,Tillotson,http://www.icnpharmaceuticalsinc.com
Lawrence,Lorens,http://www.newenglandsecequipcoinc.com
Carlee,Boulter,http://www.tippetttroymii.com
Thaddeus,Ankeny,http://www.atccontracting.com
Jovita,Oles,http://www.paganophilipgesq.com
Alesia,Hixenbaugh,http://www.kwikprint.com
Lai,Harabedian,http://www.buergimaddenscale.com
Brittni,Gillaspie,http://www.innerlabel.com
Raylene,Kampa,http://www.hermarinc.com
Flo,Bookamer,http://www.simontonhoweschneiderpc.com
Jani,Biddy,http://www.warehouseofficepaperprod.com
Chauncey,Motley,http://www.affiliatedwithtravelodge.com
